sku,name,category,warehouse,week1_sales,week2_sales,week3_sales,week4_sales,current_stock,intransit,lead_time_days,supplier
SP-001,蓝牙耳机 Pro,数码,华东仓,1050,1080,1120,950,1850,600,7,恒达电子
SP-002,无线充电板,数码,华东仓,720,680,700,700,320,200,5,恒达电子
SP-003,智能手环,数码,华南仓,920,880,950,850,60,0,7,中芯微
SP-004,USB-C 数据线,数码,华北仓,2100,2200,2050,2150,4200,1000,3,中芯微
SP-005,北欧风落地灯,家居,华东仓,120,110,115,105,1200,0,10,光禾家居
SP-006,记忆棉枕芯,家居,华南仓,170,165,175,170,2100,300,7,光禾家居
SP-007,不锈钢保温杯,家居,华北仓,310,290,300,300,340,800,5,膳品
SP-008,坚果礼盒装,食品,华东仓,820,790,810,780,180,600,5,三只松
SP-009,冻干咖啡,食品,华南仓,240,230,245,235,2800,0,7,三只松
SP-010,手冲滤纸,食品,华北仓,280,270,285,265,520,400,5,三只松
SP-011,机械键盘,数码,华东仓,460,440,450,450,50,0,7,恒达电子
SP-012,桌面台灯,家居,华南仓,95,90,100,95,1500,0,10,光禾家居
SP-013,速食燕麦,食品,华北仓,560,540,555,545,260,800,5,三只松
SP-014,蓝牙音箱,数码,华南仓,410,390,420,380,480,200,7,中芯微
SP-015,收纳整理箱,家居,华东仓,135,128,132,125,2400,0,10,光禾家居
SP-016,便携榨汁机,数码,华东仓,320,310,330,315,680,200,7,恒达电子
SP-017,保温便当袋,家居,华南仓,85,80,90,85,1800,0,10,光禾家居
SP-018,燕麦能量棒,食品,华北仓,680,650,670,660,140,0,3,三只松
SP-019,迷你投影仪,数码,华东仓,180,170,185,175,90,150,10,恒达电子
SP-020,加湿器,数码,华南仓,260,250,270,255,320,200,7,中芯微
SP-021,香薰蜡烛,家居,华东仓,70,65,75,70,950,0,10,光禾家居
SP-022,速溶咖啡,食品,华南仓,410,390,420,400,280,400,5,三只松
SP-023,运动水壶,家居,华北仓,160,150,165,155,580,300,5,膳品
SP-024,手机支架,数码,华东仓,520,490,510,500,1200,400,3,中芯微
SP-025,竹纤维毛巾,家居,华南仓,110,105,115,108,1600,0,7,光禾家居
SP-026,黑巧克力,食品,华北仓,340,320,345,330,210,500,5,三只松
SP-027,电动牙刷,数码,华东仓,290,280,295,285,160,300,7,恒达电子
SP-028,护颈枕,家居,华南仓,130,125,135,128,720,200,7,光禾家居
SP-029,坚果混合装,食品,华北仓,580,550,575,560,90,0,5,三只松
SP-030,蓝牙鼠标,数码,华东仓,220,210,225,215,380,150,5,中芯微
